14.1,2.0,4.3,.469,1.0,2.8,.371,1.0,.651,0.6,.788,.788,0.5,2.1,0.4,0.3,0.3,1.8,5.6
5.6,0.4,1.7,.250,0.1,0.9,.167,0.3,.333,0.1,.500,.500,0.4,0.6,0.1,0.2,0.1,0.2,1.1
33.8,7.3,14.4,.505,1.8,5.6,.325,5.5,.618,4.4,.885,.885,1.7,6.5,5.3,0.8,0.7,3.9,20.8
37.8,9.8,19.2,.512,3.3,7.9,.414,6.5,.581,4.6,.944,.944,1.2,3.9,6.6,1.2,0.4,3.1,27.5
11.4,2.6,5.0,.520,0.8,2.4,.333,1.8,.692,0.2,1.000,1.000,0.2,1.6,2.0,1.0,0.2,1.0,6.2
29.0,3.5,7.6,.453,0.8,2.5,.295,2.7,.532,1.8,.748,.748,1.4,2.7,2.4,1.6,0.7,3.2,9.5
33.6,7.3,17.8,.414,2.5,7.5,.337,4.8,.470,4.5,.780,.780,0.5,3.3,3.6,0.7,0.3,1.7,21.7
18.1,2.3,5.0,.468,0.8,2.4,.340,1.5,.586,0.3,.786,.786,0.2,1.1,2.2,0.5,0.2,1.4,5.8
28.7,5.2,11.8,.442,2.8,6.8,.407,2.5,.490,1.2,.806,.806,0.4,2.9,3.0,0.9,0.3,1.7,14.4
3.3,0.8,1.8,.409,0.1,0.4,.200,0.7,.471,0.3,.600,.600,0.1,0.3,0.7,0.1,0.0,0.5,1.8
28.8,2.1,4.3,.500,1.0,2.8,.364,1.1,.750,0.6,.455,.455,1.8,4.6,4.1,0.5,0.8,2.5,5.9
13.7,1.2,2.8,.419,0.7,1.7,.419,0.5,.419,0.4,.875,.875,0.2,1.8,0.5,0.2,0.2,0.9,3.5
27.8,3.9,8.2,.481,1.3,3.3,.401,2.6,.534,1.0,.812,.812,0.4,3.0,5.2,0.7,0.2,1.4,10.2
13.7,1.7,4.3,.395,0.1,1.2,.083,1.6,.516,0.9,.692,.692,1.0,2.8,0.6,0.6,0.2,1.4,4.4
12.9,1.3,3.6,.357,1.1,3.3,.346,0.1,.467,0.9,.911,.911,0.2,1.1,0.5,0.5,0.1,1.2,4.6
29.1,4.1,6.5,.624,0.0,0.0,.000,4.1,.627,2.1,.704,.704,3.3,6.7,1.0,0.4,1.3,2.9,10.2
21.9,3.1,6.8,.449,0.9,2.8,.304,2.2,.550,1.5,.879,.879,0.4,1.2,1.0,0.8,0.4,1.6,8.4
26.7,5.0,9.6,.517,0.8,2.2,.364,4.2,.563,2.5,.663,.663,2.2,7.0,2.9,0.9,0.8,3.6,13.2
19.5,2.1,4.0,.518,0.1,0.5,.229,2.0,.559,0.6,.741,.741,2.7,3.8,0.9,0.6,0.8,2.6,4.9
28.3,5.8,10.5,.555,0.2,0.7,.318,5.6,.573,2.9,.734,.734,3.2,5.5,3.8,0.9,0.9,3.3,14.7
21.4,2.3,6.3,.368,1.0,4.3,.231,1.3,.667,1.4,.929,.929,1.2,5.8,1.8,0.6,0.3,1.7,7.1
23.0,4.9,11.7,.416,1.4,4.6,.309,3.5,.485,2.7,.889,.889,0.9,3.3,4.5,0.8,0.1,2.3,13.8
32.7,6.3,14.5,.432,2.6,7.0,.366,3.7,.493,2.6,.839,.839,0.4,2.2,1.6,1.6,0.2,1.6,17.7
23.3,2.3,6.5,.346,0.8,3.0,.250,1.5,.429,1.8,.778,.778,0.5,2.8,4.5,0.3,0.5,2.0,7.0
16.1,1.8,4.5,.404,0.8,2.4,.336,1.0,.482,1.3,.705,.705,0.9,2.5,0.6,0.5,0.2,1.3,5.8
24.9,3.3,7.7,.432,1.0,3.1,.313,2.4,.512,1.8,.788,.788,0.7,3.1,2.6,0.7,0.2,1.5,9.5
17.5,2.1,5.7,.377,1.6,4.5,.358,0.5,.453,1.2,.778,.778,0.3,1.3,2.5,0.6,0.2,1.0,7.1
28.8,5.8,13.6,.426,1.2,3.9,.292,4.6,.481,2.8,.661,.661,1.1,4.8,7.5,1.1,0.4,2.4,15.6
31.0,6.9,15.7,.438,2.7,6.9,.388,4.2,.478,2.2,.791,.791,0.2,3.6,3.5,1.1,0.4,1.5,18.6
11.2,1.5,2.9,.521,0.0,0.0,.000,1.5,.526,0.9,.682,.682,1.5,2.3,0.9,0.2,0.9,2.1,3.9
16.4,2.2,5.1,.438,0.8,2.8,.304,1.4,.593,0.4,.588,.588,0.5,2.6,1.2,0.4,0.2,1.2,5.7
26.1,5.8,11.5,.502,1.2,3.4,.349,4.6,.567,1.3,.828,.828,2.4,7.4,1.7,0.4,0.2,1.7,14.0
33.7,7.4,15.1,.488,2.9,7.3,.403,4.4,.567,3.1,.870,.870,0.6,3.1,10.4,1.6,0.4,1.2,20.8
15.1,1.4,3.8,.378,1.0,2.9,.343,0.4,.489,0.4,.840,.840,0.8,1.3,0.9,0.8,0.3,2.0,4.3
24.3,4.1,9.4,.433,1.7,4.9,.355,2.3,.517,1.3,.861,.861,0.7,2.1,3.0,1.2,0.4,1.9,11.2
13.7,1.6,3.0,.535,0.0,0.2,.000,1.6,.568,0.7,.724,.724,1.5,2.6,0.7,0.4,0.4,1.8,3.9
23.5,3.8,6.0,.627,0.0,0.1,.286,3.8,.633,1.6,.738,.738,2.6,4.6,1.0,0.7,1.2,3.3,9.2
23.4,3.5,6.6,.527,0.9,2.4,.388,2.5,.608,1.1,.777,.777,1.0,2.6,2.3,0.5,0.3,1.9,9.0
7.4,0.5,1.0,.458,0.0,0.2,.250,0.4,.500,0.1,1.000,1.000,0.8,1.3,0.3,0.1,0.3,1.5,1.1
27.0,2.8,6.1,.455,1.5,3.7,.404,1.3,.532,1.3,.804,.804,1.1,3.6,1.8,0.6,0.4,2.6,8.4
4.9,0.4,1.3,.333,0.1,0.3,.250,0.4,.357,0.2,1.000,1.000,0.1,0.5,0.2,0.1,0.1,1.1,1.1
20.4,3.6,7.8,.457,0.7,2.0,.376,2.8,.485,1.3,.748,.748,2.3,3.5,1.0,1.1,0.6,2.3,9.2
21.0,2.8,6.2,.445,1.5,3.5,.444,1.2,.446,1.4,.902,.902,0.5,2.6,1.4,0.4,0.1,1.6,8.4
17.0,2.8,6.7,.417,1.6,3.7,.424,1.2,.407,0.6,.556,.556,0.4,1.9,1.6,0.3,0.4,1.4,7.7
20.5,3.1,6.6,.474,1.0,2.9,.349,2.1,.569,0.6,.667,.667,0.8,1.8,0.7,0.4,0.3,1.6,7.9
8.8,1.7,4.3,.404,1.3,3.3,.395,0.4,.435,0.2,.667,.667,0.0,1.4,0.3,0.3,0.2,0.6,5.0
17.4,2.3,5.0,.450,0.6,1.6,.360,1.7,.491,0.8,.755,.755,0.9,2.3,2.5,0.9,0.5,1.6,5.8
20.4,3.1,6.9,.449,1.4,4.0,.350,1.7,.580,0.9,.667,.667,0.3,1.9,1.5,0.5,0.1,1.5,8.5
22.0,3.9,6.8,.568,0.5,1.5,.305,3.4,.643,1.1,.745,.745,1.0,4.9,0.9,0.4,1.3,1.3,9.3
9.3,1.1,2.1,.534,0.1,0.3,.250,1.0,.590,0.4,.750,.750,0.8,1.3,0.2,0.3,0.5,1.3,2.7
4.8,0.7,1.5,.450,0.2,0.6,.333,0.5,.520,0.2,.500,.500,0.3,0.4,0.6,0.1,0.1,0.4,1.7
9.4,1.3,3.0,.436,0.1,0.2,.333,1.2,.442,0.0,.500,.500,0.1,1.2,2.2,0.2,0.2,0.8,2.7
14.4,1.3,2.7,.484,0.0,0.2,.111,1.3,.513,0.8,.660,.660,1.5,1.7,0.5,0.3,1.0,2.4,3.4
4.8,1.3,1.9,.689,0.0,0.0,.000,1.3,.705,0.8,.750,.750,0.5,1.2,0.2,0.2,0.0,0.2,3.3
26.3,4.1,8.1,.506,2.5,5.1,.500,1.5,.515,1.1,.923,.923,1.2,2.8,0.9,0.6,0.1,1.6,11.8
17.0,1.6,2.7,.585,0.6,1.1,.529,1.0,.625,0.3,1.000,1.000,0.7,1.9,1.5,1.1,0.1,1.9,4.1
31.3,7.6,16.2,.468,2.9,7.0,.411,4.7,.512,3.2,.893,.893,0.7,4.3,4.2,0.9,0.4,2.5,21.3
17.6,2.4,4.2,.568,0.3,0.9,.386,2.0,.615,1.0,.712,.712,0.7,3.0,1.9,0.5,0.1,1.9,6.1
29.5,5.4,10.6,.506,0.8,2.9,.261,4.6,.597,1.8,.737,.737,0.5,3.4,7.5,1.4,0.4,2.8,13.3
8.0,0.9,1.7,.541,0.0,0.1,.000,0.9,.588,0.7,.750,.750,0.8,1.7,0.2,0.1,0.5,0.8,2.5
14.0,2.0,5.0,.390,0.9,2.9,.317,1.0,.494,0.5,.724,.724,0.8,1.4,0.6,0.4,0.1,1.5,5.3
32.2,6.8,14.3,.473,2.4,6.1,.396,4.4,.530,1.2,.611,.611,1.6,3.4,2.3,1.2,0.8,2.9,17.1
8.7,1.3,2.0,.681,0.1,0.1,.750,1.3,.677,0.4,.824,.824,0.7,1.3,0.1,0.1,0.3,1.3,3.2
15.1,2.1,4.9,.417,0.6,2.5,.247,1.4,.590,0.4,.765,.765,0.4,1.7,0.7,0.4,0.1,1.6,5.1
35.9,8.6,18.7,.459,2.9,8.4,.346,5.7,.551,5.2,.753,.753,2.0,8.3,4.1,0.7,0.3,3.1,25.3
12.2,1.1,2.2,.500,0.1,0.7,.200,1.0,.630,0.4,.733,.733,0.5,1.6,0.8,0.3,0.2,1.5,2.7
13.7,1.7,4.7,.370,1.0,2.6,.378,0.7,.360,0.4,.708,.708,0.3,1.2,1.5,0.4,0.1,1.3,4.8
34.1,6.0,13.1,.455,2.6,6.4,.405,3.4,.504,3.2,.821,.821,0.4,2.7,5.3,0.7,0.3,2.3,17.7
11.5,1.7,4.8,.345,1.2,3.5,.333,0.5,.375,0.0,.000,.000,0.3,0.7,0.2,0.3,0.5,1.3,4.5
6.8,0.8,2.0,.400,0.8,1.8,.444,0.0,.000,0.4,1.000,1.000,0.4,1.6,0.0,0.2,0.0,1.2,2.8
7.1,0.5,1.1,.421,0.2,0.6,.333,0.3,.529,0.2,.875,.875,0.2,0.8,0.4,0.2,0.2,1.1,1.3
29.3,4.3,9.7,.440,1.8,5.1,.353,2.5,.536,2.2,.808,.808,0.2,1.8,2.8,0.6,0.4,1.1,12.6
18.5,2.6,6.6,.386,1.2,3.3,.374,1.3,.397,0.8,.778,.778,0.2,2.3,2.2,0.4,0.2,1.0,7.1
33.5,9.7,17.3,.560,0.4,1.5,.262,9.3,.588,6.1,.801,.801,3.3,9.1,2.6,1.0,2.1,2.7,25.9
32.9,6.9,14.0,.488,1.7,4.6,.372,5.1,.545,3.4,.833,.833,0.9,3.0,3.5,0.9,0.2,2.3,18.8
30.1,6.4,11.1,.580,1.0,2.6,.372,5.4,.643,3.0,.628,.628,2.4,4.3,2.9,0.8,0.8,1.9,16.8
21.4,2.2,5.2,.423,2.0,4.1,.488,0.2,.182,0.8,1.000,1.000,0.1,2.2,1.9,0.3,0.0,1.4,7.2
18.6,1.8,4.6,.378,1.5,3.9,.387,0.3,.333,0.0,.000,.000,0.1,1.6,1.0,1.0,0.8,2.1,5.0
34.2,10.1,20.5,.491,2.3,6.3,.369,7.8,.545,5.2,.838,.838,0.9,3.7,5.9,0.9,0.4,2.9,27.7
5.5,1.0,1.9,.533,0.3,0.9,.286,0.8,.750,0.3,1.000,1.000,0.4,0.9,0.1,0.1,0.0,0.9,2.5
18.7,1.7,3.7,.457,0.6,2.0,.312,1.1,.635,0.9,.739,.739,0.4,1.5,2.5,0.6,0.1,1.2,4.9
33.8,6.6,15.7,.423,1.1,4.0,.283,5.5,.471,5.6,.747,.747,1.2,5.5,3.7,0.9,0.5,2.3,20.0
30.4,7.9,13.4,.592,0.1,0.4,.304,7.8,.601,2.3,.744,.744,2.7,7.5,1.9,0.6,0.8,2.8,18.2
7.1,0.8,2.1,.366,0.5,1.2,.391,0.3,.333,0.2,.750,.750,0.2,0.5,0.6,0.5,0.1,0.7,2.1
36.0,6.8,14.3,.474,2.0,4.8,.407,4.8,.508,3.3,.897,.897,1.0,3.4,3.4,1.1,0.8,2.0,18.8
23.3,3.8,8.7,.435,1.5,4.0,.378,2.3,.482,1.1,.824,.824,0.3,1.9,4.8,1.1,0.1,0.4,10.1
37.4,10.0,21.5,.463,3.3,9.4,.355,6.6,.548,7.1,.859,.859,1.1,7.8,4.7,1.0,0.8,2.1,30.4
20.1,2.5,5.3,.475,1.3,3.5,.379,1.2,.659,0.7,.733,.733,0.9,2.5,1.7,0.5,0.3,2.3,7.0
29.3,4.2,10.3,.406,2.5,7.3,.340,1.7,.564,1.1,.881,.881,0.7,2.8,2.1,0.6,0.2,2.1,11.9
12.0,1.0,2.2,.459,0.2,0.7,.231,0.9,.559,0.3,.733,.733,0.4,1.8,0.9,0.3,0.2,1.5,2.5
25.4,2.3,4.7,.496,1.1,3.0,.372,1.2,.711,0.5,.591,.591,0.8,3.0,1.2,0.3,0.9,2.3,6.3
30.7,4.5,8.7,.519,1.3,3.3,.383,3.3,.602,1.2,.718,.718,1.2,2.6,2.0,0.9,1.0,3.4,11.6
32.8,5.8,13.1,.441,2.0,5.8,.354,3.7,.511,1.7,.737,.737,1.0,3.9,2.4,0.9,1.2,2.7,15.3
11.3,2.0,4.8,.415,0.5,1.4,.400,1.5,.421,0.5,.556,.556,1.4,2.6,0.5,1.3,0.4,0.5,5.0
11.5,2.1,4.6,.458,0.3,1.3,.270,1.8,.530,0.7,.750,.750,0.3,0.9,1.0,0.4,0.2,0.9,5.3
35.7,6.9,14.5,.475,2.3,5.7,.401,4.6,.523,4.4,.813,.813,0.8,3.7,2.4,0.8,0.8,2.4,20.5
27.9,6.0,12.3,.487,1.5,4.4,.339,4.5,.570,3.6,.792,.792,1.6,5.0,0.9,1.0,3.2,3.5,17.0
8.3,1.0,2.4,.397,0.1,0.5,.143,0.9,.463,0.2,.455,.455,0.3,0.9,1.7,0.4,0.2,0.5,2.2
11.6,1.4,3.4,.417,0.7,2.1,.333,0.7,.556,0.9,.545,.545,1.3,4.0,0.6,0.1,0.6,2.4,4.4
14.1,2.4,4.7,.509,0.3,1.4,.241,2.1,.619,1.3,.773,.773,1.7,2.3,0.9,0.2,0.5,1.8,6.4
20.2,3.6,7.2,.503,0.7,2.1,.345,2.9,.570,1.3,.667,.667,0.9,2.4,1.8,0.6,0.4,2.3,9.2
3.6,0.9,1.6,.538,0.0,0.1,.000,0.9,.583,0.4,.750,.750,0.6,0.4,0.3,0.5,0.3,0.9,2.1
6.8,1.0,1.7,.568,0.4,0.9,.478,0.5,.667,0.4,.833,.833,0.1,1.3,0.8,0.2,0.0,0.8,2.7
15.1,2.4,5.1,.470,1.1,2.7,.408,1.3,.536,0.7,.667,.667,0.3,1.5,2.0,0.6,0.4,1.6,6.6
6.3,1.3,3.0,.417,0.8,2.5,.300,0.5,1.000,0.5,1.000,1.000,0.3,1.3,0.3,0.0,0.3,0.5,3.8
26.9,2.2,5.4,.402,1.2,3.5,.348,0.9,.506,0.9,.780,.780,0.5,2.6,2.6,0.9,0.6,2.8,6.4
31.8,6.1,13.3,.458,3.7,8.7,.428,2.4,.514,1.3,.833,.833,0.9,4.1,2.7,1.2,0.3,2.0,17.3
33.8,9.4,14.9,.628,0.9,2.2,.408,8.5,.666,5.0,.813,.813,2.4,9.6,10.0,1.3,0.7,2.6,24.7
15.6,3.0,6.3,.477,0.3,1.6,.182,2.7,.576,0.7,.417,.417,1.0,2.1,1.3,0.3,0.9,1.0,7.0
26.7,3.9,8.8,.447,1.2,3.6,.322,2.8,.534,1.6,.846,.846,0.8,4.0,2.0,1.2,0.5,2.8,10.6
25.9,3.1,7.3,.426,0.8,2.9,.289,2.2,.519,1.6,.766,.766,1.0,5.2,2.5,0.8,0.4,2.8,8.7
28.8,4.7,11.7,.404,1.9,5.6,.345,2.8,.460,3.5,.861,.861,1.1,3.5,1.6,1.0,0.2,1.7,14.8
18.9,2.6,5.3,.498,0.7,1.8,.380,1.9,.559,0.8,.800,.800,1.1,2.1,1.3,0.5,0.2,1.6,6.7
18.0,4.2,8.0,.530,1.1,3.1,.340,3.2,.654,1.1,.653,.653,1.2,3.8,1.1,0.6,0.8,2.6,10.6
17.3,2.0,4.6,.440,1.1,3.0,.366,1.0,.573,0.5,.742,.742,0.6,1.1,0.7,0.2,0.2,1.5,5.7
11.6,1.0,2.6,.369,0.3,1.3,.260,0.6,.474,0.3,.621,.621,0.6,1.3,0.4,0.3,0.2,0.8,2.6
16.1,1.8,4.4,.414,0.6,1.8,.333,1.2,.468,1.4,.875,.875,0.3,2.1,2.4,0.8,0.2,1.0,5.6
33.0,7.5,15.8,.473,2.5,6.4,.384,5.0,.534,2.3,.863,.863,1.1,4.0,7.3,1.2,0.4,1.8,19.7
9.3,1.7,4.1,.411,0.5,1.7,.283,1.2,.500,0.6,.789,.789,0.3,1.0,1.1,0.5,0.4,1.1,4.4
8.1,1.0,1.6,.594,0.1,0.1,.500,0.9,.600,0.2,.800,.800,0.4,0.9,0.4,0.3,0.3,1.2,2.2
31.0,3.7,7.6,.484,2.3,5.0,.457,1.4,.536,0.3,.737,.737,1.2,5.1,2.8,0.5,0.9,2.0,9.9
15.4,2.0,4.4,.449,0.5,1.3,.400,1.5,.469,1.0,.554,.554,0.8,2.6,0.9,0.5,0.8,1.0,5.4
13.3,1.3,2.8,.480,0.0,0.1,.000,1.3,.500,0.1,.667,.667,0.3,1.3,1.7,0.3,0.1,0.9,2.8
19.5,4.1,10.3,.399,2.2,5.7,.378,2.0,.425,1.7,.866,.866,0.2,1.8,3.0,0.7,0.3,1.6,12.1
28.7,5.8,14.0,.417,1.2,4.1,.296,4.6,.467,3.0,.655,.655,1.1,5.0,7.5,1.0,0.4,2.3,15.9
30.2,4.5,10.2,.439,1.8,5.2,.347,2.7,.536,2.3,.815,.815,0.3,1.8,2.9,0.6,0.4,1.0,13.1
5.2,0.6,1.7,.350,0.3,0.8,.333,0.3,.364,0.5,1.000,1.000,0.3,0.8,0.5,0.1,0.1,0.8,1.9
28.4,4.4,10.2,.430,1.8,4.9,.375,2.5,.482,1.1,.786,.786,0.4,3.6,1.8,0.6,0.4,2.1,11.7
24.3,5.3,10.8,.488,1.0,3.0,.337,4.3,.545,1.5,.759,.759,0.6,3.6,1.2,0.4,0.4,1.3,13.0
26.8,2.8,6.8,.409,0.5,1.6,.311,2.3,.438,0.7,.714,.714,1.7,3.3,3.4,1.0,0.4,3.1,6.8
36.4,6.3,13.6,.463,1.8,4.7,.387,4.5,.503,2.8,.897,.897,1.0,3.3,3.6,1.2,0.8,2.1,17.2
10.8,1.3,4.1,.306,1.1,2.9,.371,0.2,.143,0.3,.800,.800,0.2,1.0,0.3,0.2,0.0,1.2,3.9
30.8,7.0,14.4,.485,0.9,2.9,.322,6.0,.526,1.3,.757,.757,2.0,5.8,6.2,0.8,0.4,2.0,16.2
34.4,8.5,16.9,.504,3.0,7.5,.400,5.5,.586,5.2,.873,.873,1.9,6.6,1.8,0.6,0.6,2.1,25.2
25.8,5.6,9.5,.589,0.2,0.9,.222,5.4,.628,1.3,.619,.619,2.1,6.3,0.6,0.2,1.0,3.2,12.7
24.3,4.7,9.8,.483,0.9,2.7,.328,3.9,.541,1.5,.740,.740,0.9,3.7,1.0,0.3,0.4,1.1,11.9
32.2,3.2,7.8,.416,1.9,5.4,.355,1.3,.559,0.8,.750,.750,1.7,3.0,1.5,1.0,0.5,2.0,9.1
23.8,3.5,8.3,.420,1.2,3.7,.316,2.3,.503,1.6,.716,.716,1.1,1.9,3.3,1.3,0.5,2.4,9.7
5.1,1.0,2.1,.480,0.6,1.3,.438,0.4,.556,0.1,.333,.333,0.2,0.6,0.1,0.1,0.0,0.6,2.7
10.1,1.5,2.6,.573,0.0,0.1,.000,1.5,.590,0.4,.759,.759,1.4,2.0,0.3,0.6,0.7,1.9,3.4
12.1,1.1,2.8,.393,0.7,2.0,.338,0.4,.542,0.2,.778,.778,0.5,1.3,0.7,0.4,0.1,1.5,3.1
31.2,3.5,9.1,.385,1.9,5.3,.358,1.6,.421,1.7,.895,.895,0.8,2.3,5.1,1.3,0.2,1.1,10.6
13.1,1.3,3.3,.398,0.9,2.3,.393,0.4,.407,0.5,.765,.765,0.4,1.1,0.7,0.3,0.0,0.9,4.0
36.1,9.9,20.3,.486,2.4,7.3,.331,7.5,.573,4.2,.774,.774,1.2,5.7,3.4,1.2,0.4,2.7,26.3
13.4,1.9,4.3,.433,0.9,1.9,.462,1.0,.412,0.3,.400,.400,0.3,0.7,0.9,0.1,0.0,0.6,4.9
28.0,4.2,9.2,.461,1.7,4.6,.374,2.5,.548,2.0,.870,.870,0.6,2.8,3.9,0.7,0.9,2.3,12.1
6.6,0.5,1.5,.317,0.3,0.8,.318,0.2,.316,0.1,.571,.571,0.0,0.4,1.3,0.2,0.0,0.6,1.4
15.9,2.2,4.3,.500,0.2,0.8,.273,1.9,.556,1.5,.800,.800,1.0,2.5,0.7,0.5,0.0,2.7,6.1
9.8,1.1,2.8,.402,0.7,1.7,.407,0.4,.394,0.3,1.000,1.000,0.4,1.6,0.8,0.3,0.2,1.2,3.3
8.6,0.7,2.1,.325,0.4,1.2,.370,0.3,.270,0.4,.667,.667,0.3,1.2,0.5,0.4,0.1,1.0,2.2
28.3,3.9,8.8,.442,1.3,4.1,.327,2.6,.542,2.2,.738,.738,2.3,5.8,1.4,0.4,0.7,2.7,11.3
30.5,5.8,11.4,.513,1.8,4.9,.379,4.0,.614,1.7,.765,.765,2.0,4.7,1.3,0.5,2.5,2.5,15.3
22.8,3.4,6.5,.517,0.9,2.5,.373,2.4,.608,0.3,.436,.436,1.8,3.1,2.0,0.8,0.3,2.1,8.0
13.2,1.6,3.6,.435,0.8,2.3,.333,0.8,.609,0.6,.727,.727,0.5,1.2,0.8,0.3,0.1,0.8,4.6
15.8,1.8,5.1,.345,0.6,1.4,.419,1.2,.317,0.6,.619,.619,0.2,1.7,1.7,0.5,0.1,2.0,4.7
27.8,5.3,12.4,.428,1.3,4.2,.315,4.0,.485,4.8,.826,.826,1.1,2.9,1.4,0.6,0.1,2.0,16.6
15.1,1.9,4.3,.442,0.5,1.3,.388,1.4,.466,0.9,.554,.554,0.8,2.6,0.9,0.5,0.8,1.0,5.3
32.7,9.7,14.0,.690,2.3,4.3,.538,7.3,.759,5.0,.882,.882,0.3,7.0,3.7,0.3,1.3,1.7,26.7
36.1,11.3,22.6,.501,2.1,6.9,.308,9.2,.587,4.8,.759,.759,1.2,7.2,6.9,0.9,0.6,1.7,29.5
14.7,1.2,3.4,.360,0.4,1.3,.326,0.8,.380,0.8,.750,.750,0.4,1.4,0.8,0.2,0.1,0.8,3.6
20.1,3.5,7.0,.495,0.9,2.6,.333,2.6,.589,1.8,.741,.741,2.1,3.5,0.4,0.7,0.8,1.9,9.5
34.7,9.9,20.0,.496,5.0,11.5,.433,4.9,.583,4.9,.924,.924,0.6,5.6,6.3,1.0,0.4,2.2,29.8
13.0,2.1,4.4,.468,0.4,1.4,.282,1.7,.553,1.0,.692,.692,1.1,1.3,0.5,0.6,0.0,2.1,5.5
7.5,1.1,1.8,.650,0.1,0.1,.667,1.1,.649,0.4,.750,.750,0.6,0.7,0.4,0.0,0.2,1.0,2.7
32.6,7.8,17.3,.448,2.1,6.4,.323,5.7,.522,4.0,.770,.770,0.8,4.0,2.9,0.7,0.2,1.9,21.6
20.1,1.8,4.1,.440,0.9,2.4,.352,1.0,.565,0.6,.769,.769,0.1,1.5,1.5,0.6,0.1,1.6,5.1
35.2,8.0,17.9,.447,2.5,7.5,.332,5.5,.530,2.7,.727,.727,0.9,6.4,3.8,0.5,0.5,2.2,21.2
11.7,1.5,3.0,.516,0.0,0.0,.000,1.5,.522,1.0,.682,.682,1.5,2.4,1.0,0.2,1.0,2.2,4.1
11.5,0.5,2.5,.200,0.0,0.5,.000,0.5,.250,0.5,.250,.250,0.5,1.0,1.0,0.0,0.0,0.5,1.5
31.0,4.2,10.1,.418,1.2,3.5,.335,3.0,.463,3.2,.874,.874,0.2,2.3,4.7,0.8,0.1,2.3,12.8
33.5,8.9,17.7,.506,1.6,4.4,.361,7.3,.553,3.7,.842,.842,0.8,3.0,5.4,0.9,0.7,2.0,23.2
10.9,0.9,2.1,.400,0.1,0.1,.500,0.8,.393,0.5,.700,.700,0.5,2.1,0.5,0.9,0.6,1.8,2.3
14.6,1.7,4.2,.405,0.4,1.0,.368,1.4,.415,1.8,.766,.766,0.6,1.3,2.7,0.7,0.1,1.3,5.6
14.4,1.9,4.5,.434,0.7,2.1,.347,1.2,.513,1.2,.792,.792,0.4,1.2,1.2,0.7,0.1,0.9,5.9
20.3,2.6,6.8,.386,1.6,4.7,.333,1.1,.500,1.4,.896,.896,1.1,5.8,1.8,0.2,0.2,1.6,8.2
3.6,0.6,1.0,.600,0.5,0.8,.625,0.1,.500,0.2,.667,.667,0.3,0.4,0.3,0.2,0.1,0.6,1.9
18.8,3.9,7.7,.510,0.6,1.8,.333,3.3,.566,1.0,.818,.818,0.5,2.3,1.1,0.6,0.3,1.7,9.5
35.0,11.1,20.5,.539,1.1,3.0,.354,10.0,.571,10.2,.854,.854,1.8,8.2,4.1,1.1,1.6,3.2,33.4
19.9,2.6,3.6,.723,0.0,0.0,.000,2.6,.733,1.6,.685,.685,2.0,2.3,0.9,0.7,0.4,2.8,6.8
15.3,1.4,3.4,.419,0.5,1.8,.246,1.0,.625,0.3,.900,.900,0.5,1.1,2.9,0.8,0.1,0.5,3.6
9.7,1.2,3.0,.388,0.5,2.1,.261,0.6,.667,0.2,.833,.833,0.9,1.7,1.4,0.1,0.4,1.4,3.1
20.7,4.7,9.3,.500,2.5,6.3,.395,2.2,.722,0.5,.750,.750,0.7,2.0,1.7,0.8,0.0,2.7,12.3
32.6,7.5,16.9,.444,2.5,7.5,.338,5.0,.530,3.3,.816,.816,1.2,2.9,4.4,0.5,0.2,2.0,20.8
7.0,0.6,1.9,.306,0.3,1.0,.263,0.3,.353,0.2,.750,.750,0.4,0.9,0.3,0.3,0.1,0.5,1.6
11.6,1.6,3.4,.481,0.4,1.1,.333,1.3,.556,0.5,.615,.615,0.9,1.8,0.3,0.1,0.4,1.4,4.1
13.5,2.6,6.4,.406,1.1,3.2,.325,1.6,.488,0.4,.810,.810,0.1,1.3,0.9,0.3,0.1,0.9,6.7
29.3,5.4,7.5,.713,0.0,0.0,.000,5.4,.716,1.7,.522,.522,2.4,6.7,1.8,0.8,2.6,2.8,12.4
16.6,2.7,5.5,.489,1.2,3.1,.378,1.5,.640,1.5,.806,.806,0.9,3.0,0.9,0.4,0.5,1.3,8.0
30.3,4.3,10.9,.396,1.5,5.1,.302,2.8,.480,2.0,.791,.791,1.4,5.7,1.2,0.5,0.9,2.9,12.2
9.8,1.3,3.1,.422,0.5,1.4,.351,0.8,.478,0.7,.667,.667,0.2,0.9,0.7,0.2,0.1,0.4,3.8
13.0,1.5,2.9,.517,0.0,0.1,.000,1.5,.536,1.7,.739,.739,1.6,1.9,0.6,0.2,0.4,2.3,4.7
17.8,3.8,6.7,.573,0.1,0.4,.238,3.8,.593,1.6,.588,.588,1.0,2.4,1.0,0.9,0.3,2.2,9.3
9.3,1.3,2.5,.500,1.3,2.3,.556,0.0,.000,0.3,1.000,1.000,0.0,0.3,0.0,0.5,0.3,0.8,4.0
36.8,6.6,14.6,.450,2.9,7.3,.398,3.6,.503,5.7,.872,.872,0.6,5.6,10.8,1.1,0.5,1.9,21.8
33.3,3.8,9.7,.398,2.1,6.1,.337,1.8,.503,2.2,.849,.849,0.8,3.4,5.2,1.1,0.4,2.8,12.0
30.2,5.2,12.6,.415,1.4,4.3,.331,3.8,.459,3.5,.732,.732,1.0,2.9,4.9,0.9,0.3,3.1,15.4
14.5,2.1,4.7,.438,1.3,3.3,.394,0.8,.541,0.7,.795,.795,0.5,2.6,0.9,0.3,0.4,1.6,6.2
32.5,9.6,20.6,.463,1.6,5.1,.316,8.0,.512,6.4,.744,.744,1.1,4.8,8.2,1.1,0.2,1.7,27.1
25.3,3.7,8.2,.457,1.3,3.9,.336,2.4,.567,1.7,.862,.862,0.5,1.8,1.7,1.0,0.3,1.8,10.5
10.6,1.2,3.0,.402,0.7,1.8,.408,0.5,.394,0.4,1.000,1.000,0.5,1.7,0.9,0.3,0.2,1.2,3.6
18.4,3.4,7.3,.471,0.8,2.9,.284,2.6,.593,1.5,.773,.773,1.8,3.9,0.9,0.3,0.9,2.1,9.2
18.3,1.9,3.8,.500,0.8,2.1,.353,1.1,.692,1.0,1.000,1.000,0.8,1.6,1.0,1.4,0.0,0.9,5.5
34.3,6.0,13.4,.447,2.5,6.4,.384,3.5,.507,3.4,.824,.824,0.4,2.9,5.7,0.8,0.3,2.4,17.8
36.4,8.4,18.0,.465,2.0,5.5,.358,6.4,.512,2.1,.844,.844,0.7,4.7,6.0,1.5,0.3,1.4,20.8
19.1,1.7,3.8,.447,0.7,2.1,.311,1.0,.621,1.0,.739,.739,0.4,1.5,2.5,0.5,0.1,1.2,5.0
32.9,7.1,15.3,.468,2.4,5.9,.408,4.8,.506,3.1,.834,.834,0.4,2.3,3.4,0.8,0.1,2.2,19.8
12.2,2.4,3.8,.632,0.2,0.6,.333,2.2,.688,0.6,.500,.500,2.0,2.6,1.0,0.2,0.4,1.0,5.6
35.3,7.3,17.0,.433,3.1,8.1,.380,4.3,.482,2.5,.921,.921,0.5,5.2,4.3,0.8,0.3,1.6,20.3
36.3,11.0,22.1,.500,2.8,7.9,.349,8.3,.586,8.1,.736,.736,0.8,7.8,8.0,1.5,0.5,2.6,33.0
25.7,1.2,2.9,.427,0.7,1.8,.398,0.5,.472,0.3,.864,.864,1.3,2.7,0.8,0.5,0.2,2.4,3.5
11.1,2.1,3.4,.611,0.2,0.6,.250,1.9,.689,0.7,.760,.760,0.8,2.4,0.7,0.4,0.3,1.3,5.0
5.3,0.7,2.0,.333,0.2,0.5,.333,0.5,.333,0.8,.556,.556,0.3,0.3,0.3,0.3,0.2,0.5,2.3
14.4,2.1,4.8,.427,0.7,1.9,.391,1.3,.450,1.0,.818,.818,1.1,2.8,1.5,0.4,0.1,1.9,5.8
9.5,1.3,3.3,.374,1.0,2.6,.386,0.3,.333,0.3,.833,.833,0.1,0.7,0.5,0.2,0.0,0.8,3.8
4.8,0.5,0.8,.667,0.3,0.5,.500,0.3,1.000,0.3,.250,.250,0.3,0.5,0.5,0.3,0.0,0.5,1.5
34.2,6.5,11.9,.548,0.3,1.4,.213,6.2,.592,2.6,.682,.682,2.3,6.6,2.7,0.8,1.4,2.9,16.0
11.4,1.6,2.3,.685,0.1,0.2,.333,1.5,.712,0.5,.806,.806,1.3,1.5,0.7,0.2,0.7,1.3,3.7
8.8,1.2,2.5,.462,0.2,0.7,.222,1.0,.553,0.2,.714,.714,0.8,0.7,0.4,0.1,0.2,0.9,2.7
30.7,6.8,16.0,.426,2.6,7.9,.327,4.2,.525,4.3,.872,.872,0.4,2.4,4.6,0.8,0.2,2.6,20.6
29.5,4.2,9.5,.446,2.4,6.0,.406,1.8,.513,0.8,.794,.794,1.1,3.4,1.2,0.8,0.5,1.9,11.7
19.3,1.6,3.8,.425,0.5,1.6,.306,1.1,.510,0.5,.629,.629,0.6,2.7,2.5,0.8,0.2,1.8,4.2
28.1,4.7,12.0,.394,3.4,8.9,.378,1.4,.441,3.0,.825,.825,0.5,2.1,4.2,0.6,0.5,1.5,15.8
3.1,0.5,0.9,.500,0.5,0.8,.600,0.0,.000,0.2,.600,.600,0.0,0.5,0.1,0.1,0.0,0.1,1.6
21.8,3.5,7.8,.440,1.2,3.3,.376,2.2,.486,0.7,.636,.636,1.5,3.6,2.0,0.6,1.3,1.8,8.8
11.8,1.9,4.1,.468,0.3,1.3,.258,1.6,.571,0.7,.607,.607,1.0,1.3,0.5,0.6,0.0,2.0,4.9
17.5,2.4,5.0,.468,1.1,2.8,.400,1.3,.551,0.5,.676,.676,0.5,2.2,1.0,0.3,0.4,1.2,6.4
31.4,3.1,7.7,.399,1.8,5.3,.339,1.3,.531,0.7,.740,.740,1.6,3.1,1.5,0.9,0.5,2.1,8.6
26.7,3.3,8.0,.417,1.6,4.6,.341,1.8,.516,1.7,.789,.789,0.4,2.1,2.0,2.6,0.8,2.9,9.9
5.6,0.4,1.8,.222,0.4,1.6,.250,0.0,.000,0.6,1.000,1.000,0.0,0.0,0.6,0.0,0.0,0.2,1.8
13.7,1.7,4.0,.420,0.3,0.9,.350,1.4,.441,1.6,.766,.766,0.5,1.2,2.5,0.7,0.0,1.2,5.3
19.3,2.9,6.5,.449,2.1,5.0,.412,0.9,.573,0.5,.857,.857,0.3,2.1,1.1,0.4,0.2,1.9,8.4
8.9,2.3,4.3,.534,0.5,1.5,.361,1.8,.627,1.7,.800,.800,1.2,1.2,0.6,0.1,0.1,1.5,6.8
23.4,3.0,4.5,.650,0.0,0.0,.000,3.0,.653,1.1,.600,.600,3.1,5.9,2.4,0.6,0.6,2.9,7.0
9.6,1.6,3.4,.459,0.1,0.4,.125,1.5,.509,0.3,.556,.556,0.4,0.7,0.9,0.4,0.1,1.5,3.4
9.2,1.0,3.1,.321,0.3,1.7,.200,0.7,.462,0.8,.778,.778,0.3,1.0,1.2,0.1,0.0,0.7,3.1
28.4,4.8,10.7,.443,1.9,5.2,.359,2.9,.522,2.1,.824,.824,0.7,3.4,3.2,0.9,0.2,2.1,13.5
25.2,4.8,10.2,.474,2.6,5.8,.455,2.2,.500,1.6,.818,.818,0.8,3.0,1.5,0.9,0.4,1.7,13.9
15.4,1.4,3.4,.398,0.9,2.4,.379,0.4,.447,0.3,.846,.846,0.7,1.4,0.5,0.2,0.1,1.4,3.9
13.3,2.4,5.5,.436,1.3,3.6,.369,1.1,.560,0.6,.886,.886,0.3,1.9,1.1,0.7,0.2,1.7,6.7
36.2,9.0,17.8,.509,0.5,1.6,.316,8.5,.528,6.3,.868,.868,0.5,4.1,5.1,1.0,0.5,2.7,25.0
10.0,1.0,4.1,.241,0.3,2.1,.133,0.7,.357,0.7,1.000,1.000,1.1,1.3,0.9,0.3,0.7,0.6,3.0
14.9,2.1,4.8,.435,1.3,3.4,.384,0.8,.563,0.6,.780,.780,0.5,2.6,0.8,0.3,0.4,1.6,6.1
24.5,3.3,7.9,.414,1.4,4.2,.344,1.8,.493,1.6,.853,.853,0.8,2.9,1.2,0.7,0.4,3.3,9.6
13.8,1.5,3.6,.418,0.6,1.4,.413,0.9,.421,0.5,.857,.857,0.4,0.8,1.2,0.5,0.2,1.3,4.0
14.5,2.4,5.4,.455,0.6,1.8,.349,1.8,.506,2.0,.929,.929,0.2,1.3,1.4,0.7,0.2,1.6,7.5
6.9,0.6,1.7,.333,0.4,1.2,.349,0.1,.294,0.3,.818,.818,0.2,0.9,0.8,0.1,0.0,0.7,1.8
24.7,3.6,8.0,.453,1.0,3.1,.319,2.6,.537,1.6,.837,.837,0.8,3.8,1.7,1.0,0.4,2.8,9.8
34.9,6.1,14.5,.418,1.9,6.5,.298,4.2,.514,4.2,.833,.833,0.4,3.6,7.6,1.2,0.4,2.5,18.3
16.8,3.7,6.1,.608,0.1,0.4,.273,3.6,.629,1.3,.661,.661,1.3,3.8,0.6,0.2,0.5,2.3,8.8
22.3,3.8,5.2,.721,0.0,0.0,.500,3.7,.722,1.1,.543,.543,3.1,5.2,0.8,0.4,2.3,2.3,8.6
33.8,7.3,14.2,.512,1.6,4.6,.354,5.6,.588,1.6,.820,.820,2.0,9.3,3.3,0.7,0.8,2.2,17.7
24.8,3.1,5.7,.544,0.3,1.3,.267,2.8,.623,1.4,.850,.850,2.0,5.6,2.0,1.6,0.3,2.1,7.9
18.0,1.9,4.1,.459,1.1,3.0,.370,0.8,.700,0.8,.778,.778,1.0,3.1,1.3,0.6,0.4,1.6,5.7
22.3,3.1,7.5,.415,1.6,4.5,.352,1.5,.511,0.9,.850,.850,0.2,2.4,2.2,0.7,0.1,1.6,8.7
21.5,2.3,4.7,.495,0.8,2.3,.350,1.5,.632,1.1,.758,.758,0.7,1.8,1.2,0.7,0.4,2.0,6.6
15.4,2.5,5.9,.425,0.9,2.5,.352,1.6,.480,0.5,.659,.659,0.3,1.1,2.7,0.2,0.1,1.2,6.4
20.2,2.8,6.1,.455,0.9,2.8,.326,1.9,.561,0.9,.816,.816,1.9,2.7,1.0,0.6,0.3,1.7,7.4
27.2,2.2,5.2,.415,1.2,3.4,.350,1.0,.537,0.8,.721,.721,0.7,2.9,2.8,0.8,0.6,2.7,6.3
35.6,10.3,20.3,.509,0.9,2.6,.342,9.4,.533,9.7,.908,.908,0.9,3.9,5.6,1.7,1.1,2.7,31.2
14.4,1.7,3.3,.505,0.4,1.1,.409,1.2,.550,0.5,.609,.609,0.6,1.6,0.8,0.4,0.2,1.1,4.2
20.7,2.8,6.0,.464,1.7,3.8,.447,1.1,.494,0.5,.950,.950,0.2,2.2,1.1,0.5,0.1,1.3,7.8
31.7,4.0,8.4,.475,1.9,4.2,.438,2.1,.513,1.4,.840,.840,0.5,2.3,2.5,1.5,0.5,2.0,11.2
37.1,9.9,20.2,.491,3.3,8.5,.382,6.7,.571,4.1,.897,.897,1.0,4.1,5.6,1.1,0.7,2.8,27.2
14.3,2.4,4.6,.527,0.8,2.1,.382,1.6,.650,0.9,.737,.737,1.3,2.5,0.9,0.4,0.4,1.9,6.6
12.1,1.6,4.1,.398,1.4,3.8,.373,0.2,.700,0.5,.833,.833,0.3,1.5,0.7,0.4,0.3,1.0,5.2
34.1,9.5,18.5,.512,1.5,4.7,.325,7.9,.577,4.9,.781,.781,0.5,3.7,6.3,1.2,0.3,2.5,25.4
32.5,11.0,20.5,.539,0.8,2.9,.280,10.2,.581,8.3,.654,.654,2.3,9.7,5.5,0.7,0.8,3.3,31.2
21.9,2.0,4.9,.415,1.5,4.0,.378,0.5,.576,0.5,.682,.682,0.9,3.3,1.4,0.6,0.6,1.9,6.0
33.0,4.6,9.7,.476,1.6,4.4,.369,3.0,.564,4.2,.844,.844,1.0,3.7,1.6,0.7,0.2,1.3,15.1
10.1,1.2,2.0,.582,0.1,0.5,.143,1.1,.714,0.8,.791,.791,0.6,0.9,0.5,0.1,0.2,1.2,3.2
36.4,9.0,19.6,.459,2.7,7.4,.368,6.3,.514,4.1,.774,.774,0.6,5.3,4.4,1.7,0.7,2.5,24.8
29.7,5.3,10.2,.520,1.0,2.7,.347,4.4,.583,1.8,.776,.776,1.0,3.2,3.2,1.4,0.5,2.5,13.4
28.9,6.3,12.8,.491,2.9,7.1,.412,3.4,.589,1.6,.808,.808,1.0,4.4,1.0,0.6,0.5,2.1,17.1
11.3,1.6,3.7,.432,0.4,1.4,.300,1.2,.516,0.5,.488,.488,0.5,2.0,0.9,0.4,0.2,1.3,4.1
19.0,1.8,4.2,.426,0.8,2.2,.356,1.0,.506,0.2,.458,.458,1.0,2.6,0.7,0.7,0.3,1.6,4.6
29.6,6.5,11.9,.546,1.6,4.1,.385,4.9,.631,3.4,.782,.782,1.4,6.2,1.3,0.6,2.4,3.4,18.0
19.5,4.1,6.2,.656,0.0,0.1,.167,4.1,.665,1.8,.723,.723,1.6,3.9,1.3,0.6,0.7,2.3,10.0
10.1,1.5,2.7,.549,0.2,0.7,.294,1.3,.630,0.5,.467,.467,1.3,1.4,0.9,0.4,0.5,1.5,3.7
22.9,2.4,5.6,.429,1.7,4.4,.393,0.7,.561,0.4,.824,.824,0.3,2.8,3.1,0.7,0.1,1.7,7.0
8.4,1.1,2.4,.478,0.1,0.6,.222,1.0,.571,0.2,.714,.714,0.8,0.6,0.4,0.1,0.2,0.9,2.6
8.1,1.8,2.9,.604,0.0,0.1,.250,1.8,.618,0.5,.563,.563,0.8,1.8,0.3,0.1,0.6,1.2,4.1
11.0,1.5,3.5,.429,0.0,1.5,.000,1.5,.750,0.5,1.000,1.000,1.0,1.5,0.0,0.0,0.5,1.0,3.5
15.3,1.6,4.4,.368,1.2,3.6,.347,0.4,.463,0.8,.746,.746,0.2,1.1,2.2,0.6,0.2,0.9,5.3
32.5,4.0,9.8,.414,1.8,5.4,.339,2.2,.507,1.5,.768,.768,0.7,2.6,6.5,1.5,0.4,2.7,11.4
26.0,4.2,11.3,.370,2.5,7.7,.326,1.7,.465,0.5,.667,.667,0.3,3.4,1.4,1.0,0.0,1.8,11.3
20.3,1.7,4.0,.419,1.0,2.8,.362,0.6,.558,0.4,.652,.652,0.4,3.1,0.9,0.6,0.5,2.1,4.8
26.3,3.2,5.6,.566,0.0,0.0,.000,3.2,.571,0.6,.439,.439,1.0,5.3,6.1,1.3,0.6,3.3,6.9
22.0,2.9,6.2,.459,2.0,4.6,.428,0.9,.544,0.2,.625,.625,0.3,2.0,1.4,0.5,0.2,2.2,7.9
11.8,0.8,2.4,.340,0.3,1.3,.208,0.6,.489,0.4,.667,.667,0.1,1.1,1.1,0.3,0.1,1.3,2.3
20.9,2.7,5.8,.456,1.8,3.8,.457,0.9,.456,0.6,.964,.964,0.2,2.2,1.2,0.5,0.1,1.4,7.7
13.6,2.1,5.1,.420,1.2,3.2,.382,0.9,.486,0.6,.913,.913,0.2,0.9,1.4,0.4,0.1,0.7,6.1
15.7,2.0,5.2,.386,1.1,2.7,.392,0.9,.379,1.0,.860,.860,0.8,2.3,1.0,0.3,0.2,0.9,6.0
18.5,2.7,5.5,.488,0.8,2.0,.389,1.9,.546,0.9,.927,.927,0.2,1.6,3.1,0.5,0.1,1.5,7.0
17.5,2.7,4.5,.592,0.1,0.3,.267,2.6,.616,0.8,.529,.529,2.0,2.7,1.4,0.9,0.4,1.5,6.2
22.1,3.3,7.0,.475,1.3,3.7,.359,2.0,.601,1.3,.719,.719,1.0,3.6,1.2,0.6,0.7,1.9,9.3
7.5,0.8,1.5,.500,0.0,0.5,.000,0.8,.750,0.3,.500,.500,0.5,2.0,0.3,0.3,0.0,0.8,1.8
12.7,3.0,8.3,.367,1.3,3.6,.360,1.7,.372,0.5,.667,.667,0.1,1.1,2.0,0.2,0.1,0.7,7.9
21.4,3.2,6.7,.479,1.3,3.4,.385,1.9,.577,1.0,.843,.843,0.3,2.1,1.6,0.5,0.4,2.3,8.7
21.9,4.1,7.9,.515,0.7,2.0,.369,3.3,.564,1.6,.756,.756,1.8,4.4,2.7,0.5,0.7,3.2,10.6
15.6,1.7,4.5,.383,1.2,3.3,.356,0.6,.455,0.0,.000,.000,0.1,0.9,0.9,0.4,0.4,1.5,4.6
24.1,3.3,6.0,.556,0.4,1.1,.333,3.0,.606,1.3,.657,.657,2.3,5.5,2.7,1.0,0.3,2.6,8.3
15.8,2.2,4.8,.459,1.7,4.0,.423,0.5,.653,0.2,.706,.706,0.4,2.1,0.7,0.3,0.3,1.3,6.2
20.2,3.2,6.6,.492,0.8,2.0,.390,2.5,.534,1.3,.832,.832,0.5,2.1,2.8,0.3,0.1,1.5,8.5
30.5,5.3,7.8,.674,0.0,0.1,.000,5.3,.679,3.1,.652,.652,3.2,8.4,1.0,0.8,1.4,3.0,13.7
13.5,1.2,3.2,.383,0.2,0.9,.263,1.0,.427,1.0,.789,.789,0.4,0.8,1.2,0.2,0.1,1.1,3.7
21.5,2.1,4.7,.440,1.0,2.6,.366,1.1,.533,0.4,.839,.839,0.8,3.6,1.4,1.0,0.3,1.6,5.6
26.9,3.7,10.2,.368,1.1,3.8,.292,2.6,.413,0.9,.783,.783,0.3,2.5,6.0,1.4,0.4,2.9,9.5
14.2,1.2,2.8,.429,0.4,1.2,.333,0.8,.500,0.2,.500,.500,0.2,1.0,0.8,0.8,0.4,1.2,3.0
28.3,4.0,8.0,.499,1.4,3.5,.400,2.6,.575,2.8,.839,.839,1.2,4.3,3.3,0.9,0.6,3.5,12.1
28.4,4.6,11.0,.417,2.0,5.5,.370,2.6,.465,3.0,.865,.865,1.1,3.4,1.5,0.9,0.2,1.7,14.3
19.6,2.8,7.1,.386,1.3,3.5,.377,1.5,.395,0.9,.778,.778,0.3,2.5,2.4,0.4,0.3,1.0,7.7
26.6,5.5,8.6,.633,0.0,0.0,.000,5.5,.634,1.7,.594,.594,3.3,5.8,2.9,1.0,1.2,2.7,12.7
9.7,1.1,1.9,.611,0.1,0.2,.400,1.1,.633,0.7,.760,.760,0.9,1.8,0.3,0.1,0.6,1.2,3.0
9.0,0.8,2.4,.328,0.3,1.3,.219,0.5,.462,0.5,.667,.667,0.8,1.6,0.7,0.2,0.2,0.8,2.4
15.9,2.0,4.8,.421,0.9,2.4,.368,1.1,.474,1.4,.688,.688,0.4,1.5,1.0,0.9,0.1,1.0,6.3
12.9,2.6,4.2,.618,0.0,0.0,.000,2.6,.624,1.0,.540,.540,2.1,4.6,0.6,0.6,0.3,1.9,6.2
11.0,1.2,2.4,.515,0.0,0.3,.000,1.2,.586,0.7,.769,.769,1.4,1.3,0.6,0.2,0.3,1.8,3.1
15.8,1.6,2.1,.769,0.0,0.0,.000,1.6,.777,0.2,.750,.750,1.9,2.8,0.5,0.3,0.6,1.9,3.5
18.4,3.4,7.9,.426,0.8,2.8,.285,2.6,.504,1.5,.766,.766,0.4,2.4,3.2,0.6,0.5,1.6,9.0
14.5,2.1,4.3,.483,0.4,1.4,.295,1.7,.574,0.7,.656,.656,0.7,3.2,1.0,0.5,0.4,1.5,5.2
17.0,2.1,5.0,.422,1.3,3.9,.343,0.8,.700,0.1,.500,.500,0.4,2.7,0.2,0.4,0.3,1.7,5.7
8.1,1.3,2.2,.573,0.2,0.6,.381,1.0,.648,1.1,.679,.679,0.6,0.9,0.4,0.3,0.2,1.1,3.8
26.1,5.2,8.4,.616,0.0,0.0,.000,5.2,.618,1.7,.605,.605,3.3,5.7,3.1,0.8,1.1,2.6,12.1
35.3,7.6,16.2,.470,2.6,6.2,.423,5.0,.498,4.2,.856,.856,0.4,2.3,7.9,1.3,0.1,2.2,22.1
19.5,4.3,9.7,.446,1.1,3.6,.293,3.2,.537,1.2,.784,.784,0.5,2.1,2.0,0.6,0.1,1.5,10.9
24.5,5.6,10.1,.549,0.5,1.4,.351,5.0,.582,2.4,.821,.821,2.8,6.8,1.7,0.2,0.5,3.0,14.0
36.0,10.5,18.8,.559,1.8,4.8,.376,8.7,.622,6.8,.934,.934,0.4,6.4,5.3,0.8,1.5,2.4,29.7
16.3,1.5,3.3,.462,0.5,1.3,.400,1.0,.500,0.3,.500,.500,0.3,1.0,1.0,1.0,0.5,1.3,3.8
19.7,2.7,7.3,.368,1.2,3.8,.314,1.5,.429,1.3,.843,.843,0.4,2.2,1.4,0.5,0.2,1.5,8.0
26.4,3.2,7.5,.428,2.2,5.3,.408,1.1,.473,0.7,.843,.843,1.1,3.4,3.4,1.3,0.2,1.9,9.3
17.9,2.1,4.8,.444,0.9,2.1,.413,1.3,.469,0.7,.714,.714,0.8,3.9,1.5,0.5,0.3,2.2,5.8
27.9,3.5,7.9,.445,2.1,5.1,.404,1.4,.520,1.7,.904,.904,0.9,2.4,2.4,0.8,0.2,1.7,10.8
10.0,1.0,2.8,.354,0.4,1.5,.279,0.6,.444,0.6,.667,.667,0.8,1.8,0.6,0.2,0.2,1.1,3.1
35.0,7.9,18.2,.436,2.8,7.4,.385,5.1,.470,2.5,.795,.795,0.8,3.6,5.9,0.9,0.5,2.0,21.2
22.3,3.6,8.2,.442,1.1,3.5,.304,2.6,.545,0.8,.800,.800,0.4,2.0,2.0,0.5,0.1,1.7,9.1
20.1,3.0,6.2,.483,0.4,1.4,.265,2.6,.549,0.7,.641,.641,1.4,1.4,1.3,0.5,0.4,1.7,7.1
25.3,4.3,9.7,.444,1.1,3.2,.348,3.2,.492,2.5,.878,.878,0.6,3.9,4.0,0.6,0.6,2.6,12.3
10.7,1.2,3.3,.361,0.6,1.8,.304,0.6,.432,0.6,1.000,1.000,0.2,0.4,0.7,0.3,0.1,0.9,3.6
26.8,4.8,12.2,.396,3.1,8.6,.359,1.7,.485,0.7,.841,.841,0.5,3.1,1.7,0.8,0.1,1.4,13.4
6.7,1.0,2.1,.452,0.6,1.2,.522,0.4,.368,0.3,.500,.500,0.1,0.6,0.4,0.1,0.0,0.3,2.8
16.0,2.2,3.7,.587,0.5,1.2,.382,1.7,.686,1.0,.674,.674,0.9,2.0,0.8,0.8,0.7,1.7,5.9
21.8,3.5,7.5,.470,0.4,1.5,.300,3.1,.512,1.6,.729,.729,1.4,2.5,2.6,0.6,0.2,3.3,9.1
31.8,5.5,11.7,.468,1.1,3.3,.326,4.4,.523,2.5,.801,.801,0.7,3.6,4.0,0.9,0.3,1.5,14.5
18.2,2.8,6.0,.467,0.6,1.6,.375,2.2,.500,2.0,.909,.909,1.6,1.0,0.4,0.4,0.2,2.4,8.2
6.6,0.8,1.7,.491,0.4,0.9,.400,0.5,.600,0.4,.875,.875,0.1,1.3,0.9,0.2,0.1,0.7,2.5
9.6,1.3,2.5,.519,0.2,0.7,.286,1.1,.605,0.5,.458,.458,1.2,1.1,0.9,0.4,0.5,1.6,3.3
26.4,3.3,8.5,.387,1.7,5.3,.316,1.6,.506,1.1,.884,.884,0.4,1.8,2.5,0.9,0.1,2.5,9.3
3.5,0.5,1.2,.375,0.1,0.4,.200,0.4,.455,0.2,1.000,1.000,0.2,0.3,0.0,0.1,0.0,0.2,1.2
19.0,3.9,10.0,.391,2.0,5.5,.371,1.9,.415,1.7,.859,.859,0.3,1.9,2.8,0.7,0.3,1.7,11.6
12.4,1.2,2.9,.416,0.4,1.0,.393,0.8,.429,0.8,.815,.815,0.9,1.1,0.4,0.5,0.1,1.3,3.6
7.7,0.2,2.0,.083,0.0,0.3,.000,0.2,.100,0.2,.500,.500,0.7,0.7,0.0,0.2,0.2,1.3,0.5
5.5,0.5,1.3,.379,0.2,0.8,.278,0.3,.545,0.0,.500,.500,0.1,0.5,0.5,0.1,0.0,0.5,1.3
17.7,2.2,4.4,.505,1.2,2.5,.461,1.1,.563,0.7,.756,.756,0.6,2.0,0.8,0.5,0.3,1.5,6.3
25.7,4.1,9.8,.418,1.5,4.2,.350,2.6,.469,1.2,.924,.924,0.4,1.8,3.5,0.7,0.1,1.8,10.9
12.5,2.8,4.5,.628,0.0,0.1,.500,2.8,.630,1.2,.684,.684,0.9,2.6,0.7,0.1,0.3,1.9,6.9
32.9,6.3,13.5,.465,2.7,7.0,.391,3.5,.546,2.6,.856,.856,0.5,2.5,6.2,1.1,0.4,2.2,17.9
22.3,3.3,7.4,.442,1.6,4.1,.384,1.7,.516,0.4,.750,.750,0.3,1.8,1.3,0.6,0.2,1.4,8.5
35.0,8.5,19.6,.433,2.2,6.6,.337,6.3,.482,7.6,.889,.889,0.8,2.2,10.1,1.1,0.1,1.5,26.8
4.8,1.0,2.0,.500,0.5,1.2,.438,0.5,.600,0.1,.333,.333,0.2,0.6,0.1,0.1,0.0,0.6,2.6
20.6,3.7,8.0,.463,1.9,4.5,.417,1.8,.520,0.7,.741,.741,0.3,1.8,1.5,0.2,0.1,1.8,10.0
15.1,1.9,2.4,.765,0.3,0.3,1.000,1.6,.733,0.6,.800,.800,1.1,2.1,0.6,0.0,0.9,2.6,4.6
25.4,3.5,8.3,.421,0.4,2.0,.221,3.0,.483,1.5,.740,.740,0.5,2.5,4.6,1.4,0.5,2.3,8.9
23.7,4.2,9.7,.436,1.8,4.9,.357,2.5,.518,1.3,.883,.883,0.7,2.1,3.3,1.0,0.3,1.7,11.5
30.3,4.8,12.1,.395,3.0,7.9,.383,1.7,.419,1.8,.759,.759,0.3,3.2,1.8,0.7,0.2,1.6,14.4
14.8,2.4,4.0,.614,0.2,0.6,.300,2.3,.665,0.7,.619,.619,1.5,2.3,0.5,0.3,0.5,2.1,5.8
10.6,1.4,3.3,.429,1.1,2.9,.390,0.3,.714,0.3,.833,.833,0.2,0.8,0.4,0.3,0.1,1.1,4.3
14.6,1.1,2.7,.421,0.4,1.6,.254,0.7,.660,0.2,.563,.563,0.6,2.3,0.6,0.4,0.1,1.0,2.9
16.8,2.2,5.4,.410,0.9,2.5,.338,1.4,.473,1.7,.727,.727,1.5,1.8,1.2,0.8,0.4,1.5,7.0
19.7,3.5,7.4,.467,1.4,3.6,.381,2.1,.551,0.5,.882,.882,0.5,1.6,1.0,0.7,0.1,1.2,8.8
11.2,1.8,3.4,.516,0.1,0.3,.556,1.6,.513,0.5,.607,.607,1.7,2.1,0.8,0.2,0.6,2.0,4.1
16.4,2.0,4.8,.415,1.0,3.0,.342,1.0,.536,0.7,.735,.735,0.7,3.0,1.2,0.7,0.8,1.9,5.7
11.5,0.8,2.1,.361,0.1,0.1,.500,0.7,.353,0.5,.667,.667,0.6,2.1,0.6,0.9,0.6,1.9,2.1
27.0,3.7,6.3,.597,0.0,0.0,.000,3.7,.599,1.1,.364,.364,5.1,6.5,2.3,0.9,1.1,2.3,8.6
8.9,1.0,2.4,.433,0.2,0.7,.241,0.9,.507,0.5,.742,.742,0.8,1.2,0.5,0.1,0.2,0.9,2.7
12.1,1.8,3.6,.500,0.2,0.3,.667,1.6,.486,1.1,.706,.706,1.2,2.6,0.1,0.2,0.5,1.5,4.9
24.9,3.0,6.5,.459,1.9,4.5,.430,1.1,.519,0.7,.893,.893,0.5,1.7,1.2,1.0,0.2,2.0,8.6
21.2,3.2,6.5,.494,0.6,1.8,.344,2.6,.549,1.5,.786,.786,1.1,2.4,1.4,0.7,0.3,1.0,8.6
29.0,2.8,6.2,.459,1.8,4.2,.420,1.1,.542,0.1,.500,.500,1.3,2.4,1.6,1.8,1.0,2.5,7.5
25.8,5.5,11.7,.475,2.0,4.9,.410,3.5,.522,3.6,.803,.803,0.4,2.6,1.8,0.8,0.3,2.0,16.6
12.5,2.3,5.9,.384,0.7,2.3,.302,1.6,.438,0.4,.917,.917,0.3,1.2,1.7,0.3,0.2,0.7,5.6
5.8,0.6,1.6,.410,0.1,0.7,.118,0.6,.636,0.2,.800,.800,0.1,0.6,0.7,0.3,0.2,0.5,1.5
24.1,1.9,4.4,.440,0.8,2.3,.357,1.1,.529,1.0,.812,.812,0.6,2.5,3.1,1.6,0.6,2.5,5.6
13.4,1.3,3.8,.353,1.2,3.4,.342,0.2,.467,0.9,.911,.911,0.2,1.2,0.5,0.5,0.1,1.2,4.8
19.8,3.4,6.4,.527,0.3,0.7,.447,3.1,.537,0.7,.852,.852,0.6,2.4,5.0,1.1,0.1,1.3,7.8
32.7,8.4,17.8,.470,1.5,3.9,.393,6.8,.492,4.7,.868,.868,0.4,4.6,4.8,0.7,0.4,2.7,22.9
4.0,0.2,0.8,.273,0.0,0.2,.000,0.2,.353,0.1,.500,.500,0.3,0.7,0.1,0.1,0.1,0.5,0.6
22.4,2.2,5.4,.415,1.4,3.9,.360,0.8,.561,0.5,.767,.767,0.5,2.0,0.8,0.6,0.6,1.9,6.4
16.7,1.6,4.3,.358,0.8,2.5,.305,0.8,.430,0.5,.676,.676,0.3,1.5,2.6,0.6,0.1,1.1,4.4
29.0,4.9,11.1,.439,0.7,2.5,.267,4.2,.487,2.2,.888,.888,0.8,2.7,6.2,1.3,0.1,1.4,12.6
34.5,8.1,17.7,.459,2.9,7.7,.373,5.3,.525,4.6,.881,.881,0.8,5.4,5.2,1.4,0.3,2.8,23.7
24.3,2.6,5.4,.481,0.8,2.3,.371,1.8,.561,1.0,.905,.905,1.2,2.1,4.0,2.1,0.3,1.3,7.1
12.4,1.8,3.9,.462,0.5,1.8,.278,1.3,.619,0.1,1.000,1.000,0.2,1.6,1.5,0.9,0.4,1.5,4.2
28.6,3.9,8.1,.473,1.4,3.3,.413,2.5,.514,1.1,.862,.862,1.0,3.2,1.3,0.8,0.8,1.9,10.2
32.8,7.9,18.3,.433,4.3,10.6,.407,3.6,.469,1.9,.897,.897,0.7,3.4,2.5,0.7,0.3,2.0,22.0
37.0,10.0,20.5,.486,3.3,8.7,.374,6.7,.569,4.0,.883,.883,1.0,4.2,5.3,1.0,0.8,2.7,27.1
25.1,3.3,6.2,.532,1.2,2.9,.413,2.1,.635,1.3,.714,.714,0.9,2.0,1.6,0.8,0.1,2.6,9.0
21.4,3.1,8.1,.380,2.0,5.4,.377,1.0,.388,1.4,.911,.911,0.3,1.4,2.2,0.6,0.2,1.5,9.5
14.5,2.3,5.6,.412,1.1,3.3,.320,1.2,.544,0.5,.784,.784,0.5,2.4,0.8,0.3,0.2,1.0,6.2
11.8,2.4,5.8,.421,0.6,1.4,.414,1.9,.424,1.4,.763,.763,0.3,1.0,0.9,0.4,0.0,1.0,6.8
24.0,4.9,9.7,.507,1.0,2.5,.410,3.9,.540,3.4,.822,.822,0.8,1.4,2.9,0.6,0.1,2.3,14.3
20.1,2.2,7.6,.294,1.2,4.1,.297,1.0,.290,0.7,.750,.750,0.2,1.2,3.2,0.6,0.1,1.3,6.3
16.2,2.5,5.1,.487,1.0,2.6,.390,1.4,.591,0.9,.661,.661,1.2,3.5,1.0,0.3,0.9,2.2,6.8
36.3,9.6,20.7,.466,4.2,11.3,.373,5.4,.578,8.6,.919,.919,0.7,3.9,7.3,0.9,0.3,1.9,32.1
16.8,1.8,5.3,.342,0.8,2.8,.290,1.0,.400,0.9,.760,.760,0.3,2.0,3.4,1.0,0.2,1.4,5.3
29.8,5.6,11.0,.508,0.4,1.4,.308,5.2,.536,2.0,.793,.793,1.3,2.8,5.5,1.5,0.4,2.1,13.6
17.3,2.0,4.7,.418,0.7,2.1,.337,1.3,.484,0.8,.784,.784,0.2,1.2,3.3,0.5,0.1,1.4,5.5
14.4,1.8,3.5,.505,0.6,1.7,.365,1.1,.642,0.5,.625,.625,0.9,2.6,1.3,0.4,0.2,2.0,4.7
10.2,1.1,2.1,.511,0.3,0.9,.324,0.8,.642,0.5,.920,.920,0.2,0.8,1.4,0.4,0.1,0.9,3.0
21.9,4.2,10.1,.411,1.6,4.3,.362,2.6,.448,1.1,.736,.736,0.3,2.0,4.8,0.8,0.2,2.0,11.0
18.1,2.1,4.6,.461,0.5,1.5,.303,1.7,.539,0.7,.723,.723,0.8,2.5,0.6,0.4,0.3,1.3,5.4
11.8,1.1,3.2,.343,0.6,2.1,.289,0.5,.438,0.4,.706,.706,0.2,0.6,1.1,0.6,0.1,0.9,3.3
3.1,0.3,0.6,.500,0.0,0.1,.000,0.3,.556,0.2,.750,.750,0.3,0.7,0.3,0.0,0.0,0.6,0.8
30.2,4.7,11.8,.396,1.8,5.4,.335,2.8,.448,2.7,.775,.775,1.5,2.7,2.2,1.0,0.3,3.2,13.8
30.2,5.0,9.9,.507,0.8,3.2,.253,4.2,.629,1.9,.819,.819,1.0,5.6,1.2,0.6,1.1,3.2,12.8
29.7,4.6,9.5,.478,2.3,5.8,.397,2.2,.606,1.9,.910,.910,0.8,2.9,1.4,1.0,0.5,2.0,13.3
16.3,2.1,4.2,.490,0.9,2.1,.400,1.2,.583,0.6,.938,.938,0.4,1.9,1.5,0.4,0.2,1.6,5.6
35.7,7.9,19.1,.415,2.7,8.1,.331,5.3,.478,2.9,.803,.803,0.9,3.4,5.0,1.2,0.3,1.9,21.4
18.2,3.0,7.7,.388,1.3,4.1,.315,1.7,.467,0.6,.740,.740,0.4,1.9,1.7,0.6,0.2,1.5,7.9
14.2,2.0,3.6,.565,0.1,0.7,.111,2.0,.667,1.4,.699,.699,0.9,2.2,0.8,0.5,0.5,1.6,5.5
34.5,7.2,11.7,.614,0.4,1.1,.366,6.8,.640,4.2,.763,.763,3.0,9.3,7.0,0.8,0.5,3.7,19.0
9.6,1.2,2.2,.525,0.1,0.1,.500,1.1,.526,0.6,.625,.625,1.6,0.9,0.2,0.3,0.3,0.7,2.9
35.2,8.2,20.0,.411,4.0,10.6,.376,4.2,.450,2.8,.836,.836,1.2,5.3,8.4,1.3,0.3,3.3,23.3
30.4,5.4,13.9,.387,1.8,5.9,.313,3.5,.442,1.7,.791,.791,0.6,2.7,2.5,0.9,0.2,3.3,14.3
25.3,2.9,6.4,.446,1.3,3.2,.393,1.6,.500,0.5,.707,.707,2.0,3.7,1.5,0.7,0.6,2.3,7.4
14.0,1.8,3.5,.511,0.4,1.1,.327,1.4,.595,1.1,.794,.794,1.0,1.5,0.6,0.4,0.6,1.4,4.9
27.6,3.6,7.0,.510,1.3,3.3,.387,2.3,.617,2.8,.870,.870,0.5,2.3,2.7,0.5,0.4,1.7,11.2
29.7,3.6,8.7,.408,1.8,5.0,.362,1.8,.469,1.8,.813,.813,0.4,2.1,7.7,1.0,0.2,2.2,10.7
